{
  "filename_root": "chart_007",
  "chart_type": "stacked_bar",
  "title": "Department Distribution by Year",
  "xlabel": "Year",
  "ylabel": "Total Sales ($K)",
  "data": {
    "categories": [
      "2022",
      "2023",
      "2024",
      "2025"
    ],
    "groups": [
      "Sales",
      "Marketing"
    ],
    "values": [
      [
        94,
        39,
        90,
        89
      ],
      [
        51,
        95,
        95,
        73
      ]
    ]
  },
  "generated_at": "2025-12-01T15:17:45.871771",
  "png_file": "chart_007.png",
  "metadata": {
    "generated": "random",
    "num_groups": 2,
    "num_categories": 4
  }
}