{
  "filename_root": "chart_008",
  "chart_type": "box",
  "title": "Regional Performance Distribution",
  "xlabel": "Region",
  "ylabel": "Sales ($K)",
  "data": {
    "labels": [
      "North",
      "South",
      "East",
      "West",
      "Central"
    ],
    "data": [
      [
        70.7,
        38.8,
        40.3,
        56.5,
        41.9,
        53.7,
        64.8,
        54.9,
        65.2,
        84.5,
        40.5,
        70.8,
        45.4,
        53.9,
        49.6,
        48.8,
        20,
        55.0,
        67.6,
        62.9,
        68.1,
        69.6,
        36.0,
        63.8
      ],
      [
        52.8,
        87.5,
        70.0,
        85.3,
        77.6,
        59.0,
        100,
        49.9,
        57.5,
        72.4,
        57.9,
        61.3,
        48.1,
        69.8,
        73.1,
        72.5,
        52.4,
        40.6,
        48.2,
        82.4,
        53.7,
        60.8
      ],
      [
        27.1,
        52.9,
        68.4,
        47.8,
        38.2,
        64.8,
        35.1,
        46.7,
        51.5,
        46.7,
        54.9,
        64.6,
        28.3,
        59.2,
        41.1,
        20,
        37.2,
        69.3,
        62.0,
        46.2,
        46.6,
        22.0,
        47.0
      ],
      [
        40.2,
        44.4,
        58.3,
        65.1,
        48.2,
        31.1,
        51.2,
        32.4,
        65.4,
        28.4,
        37.2,
        21.7,
        41.9,
        33.2,
        68.5,
        60.1,
        45.8,
        57.8,
        60.9,
        73.9,
        46.3,
        32.6,
        53.8
      ],
      [
        42.1,
        78.4,
        65.5,
        78.5,
        73.3,
        56.8,
        71.1,
        62.0,
        66.4,
        78.0,
        66.4,
        41.7,
        81.3,
        69.7,
        62.4,
        40.8,
        76.7
      ]
    ]
  },
  "generated_at": "2025-12-01T15:17:46.109353",
  "png_file": "chart_008.png",
  "metadata": {
    "generated": "random",
    "num_boxes": 5,
    "samples_per_box": [
      24,
      22,
      23,
      23,
      17
    ]
  }
}