{
  "filename_root": "chart_001",
  "chart_type": "line",
  "title": "Revenue Over Time",
  "xlabel": "Time Period",
  "ylabel": "Score",
  "data": {
    "x": [
      1,
      2,
      3,
      4,
      5,
      6,
      7,
      8,
      9,
      10
    ],
    "y": [
      98,
      87,
      79,
      71,
      63,
      60,
      46,
      33,
      29,
      19
    ]
  },
  "generated_at": "2025-12-01T15:17:44.435330",
  "png_file": "chart_001.png",
  "metadata": {
    "generated": "random",
    "series_count": 1
  }
}