{
  "filename_root": "chart_028",
  "chart_type": "timeline",
  "title": "Product Development Timeline",
  "xlabel": "Date",
  "ylabel": "Events",
  "data": {
    "dates": [
      "2004-12-28",
      "2006-11-11",
      "2009-01-16",
      "2009-01-28",
      "2011-05-21",
      "2013-01-22",
      "2014-03-26",
      "2014-06-06",
      "2015-06-21",
      "2015-09-22",
      "2017-09-02"
    ],
    "events": [
      "Bug Fix Release",
      "Product Launch",
      "Beta Testing",
      "Rebranding",
      "Update v2.0",
      "Major Update",
      "Market Expansion",
      "Feature Release",
      "Partnership Announced",
      "Event 10",
      "Event 11"
    ],
    "categories": [
      "Planning",
      "Planning",
      "Development",
      "Development",
      "Marketing",
      "Testing",
      "Planning",
      "Testing",
      "Marketing",
      "Release",
      "Marketing"
    ]
  },
  "generated_at": "2025-12-01T15:17:51.189173",
  "png_file": "chart_028.png",
  "metadata": {
    "generated": "random",
    "num_events": 11,
    "event_type": "product",
    "date_range": [
      "2004-09",
      "2018-09"
    ]
  }
}