{
  "filename_root": "chart_003",
  "chart_type": "horizontal_bar",
  "title": "Customer Satisfaction Ratings",
  "xlabel": "Score",
  "ylabel": "Department",
  "data": {
    "categories": [
      "Product A",
      "Product B",
      "Product C",
      "Product D",
      "Product E"
    ],
    "values": [
      3,
      1,
      1,
      5,
      1
    ]
  },
  "generated_at": "2025-12-01T15:17:44.922501",
  "png_file": "chart_003.png",
  "metadata": {
    "generated": "random",
    "category_count": 5
  }
}