{
  "filename_root": "chart_024",
  "chart_type": "network3d",
  "title": "3D Node-Edge Diagram",
  "xlabel": "X",
  "ylabel": "Y",
  "data": {
    "nodes": [
      [
        0.885519485603995,
        1.8571381948573906,
        -3.998729093278721
      ],
      [
        -0.7519326517576186,
        -2.6308775821003296,
        -1.0282219574153528
      ],
      [
        0.3884878753997978,
        -1.3824628231112623,
        -3.322907404900497
      ],
      [
        0.6793213169819501,
        -2.9714516344244424,
        -0.7554541581924867
      ],
      [
        -0.3309198773002464,
        0.5445140867054155,
        2.9120112212865212
      ],
      [
        -4.3472606442540584,
        -2.023215008751529,
        0.8968101004350026
      ],
      [
        3.2261710580845717,
        1.2815433152148947,
        -2.313187895543949
      ],
      [
        -2.0320831251413662,
        1.967339622469415,
        1.2954113218757746
      ],
      [
        0.9677483810639931,
        0.7808481361233255,
        1.9138745101091759
      ],
      [
        -2.4114950172591465,
        4.900889969996483,
        -1.5092474036683778
      ],
      [
        -1.973705561175162,
        -0.5045501478822978,
        4.01938639109885
      ],
      [
        -1.6934911026334976,
        -3.3831015590124656,
        -1.7630402756006258
      ],
      [
        3.678235250994039,
        -3.499265309452956,
        2.2120574794292036
      ],
      [
        4.92617924010443,
        -3.7675494679779264,
        4.743548584991157
      ]
    ],
    "edges": [
      [
        0,
        8
      ],
      [
        0,
        9
      ],
      [
        0,
        11
      ],
      [
        1,
        10
      ],
      [
        2,
        4
      ],
      [
        2,
        7
      ],
      [
        2,
        9
      ],
      [
        2,
        11
      ],
      [
        3,
        12
      ],
      [
        5,
        6
      ],
      [
        6,
        11
      ],
      [
        7,
        9
      ],
      [
        7,
        11
      ],
      [
        9,
        10
      ],
      [
        9,
        13
      ]
    ],
    "node_sizes": [
      110,
      70,
      130,
      70,
      70,
      70,
      90,
      110,
      70,
      150,
      90,
      130,
      70,
      70
    ]
  },
  "generated_at": "2025-12-01T15:17:49.611627",
  "png_file": "chart_024.png",
  "metadata": {
    "generated": "random",
    "num_nodes": 14,
    "num_edges": 15
  }
}