{
  "filename_root": "chart_013",
  "chart_type": "treemap",
  "title": "Market Share Analysis",
  "xlabel": "",
  "ylabel": "",
  "data": {
    "labels": [
      "A-1",
      "A-2",
      "A-3",
      "B-1",
      "B-2",
      "B-3",
      "C-1",
      "C-2",
      "D-1",
      "D-2",
      "E-1",
      "E-2"
    ],
    "sizes": [
      787,
      323,
      131,
      881,
      333,
      120,
      819,
      95,
      369,
      288,
      718,
      53
    ],
    "groups": [
      "A",
      "A",
      "A",
      "B",
      "B",
      "B",
      "C",
      "C",
      "D",
      "D",
      "E",
      "E"
    ]
  },
  "generated_at": "2025-12-01T15:17:47.353260",
  "png_file": "chart_013.png",
  "metadata": {
    "generated": "random",
    "hierarchical": true,
    "distribution": "power_law",
    "num_categories": 12
  }
}