{
  "filename_root": "chart_005",
  "chart_type": "scatter",
  "title": "Distribution Analysis",
  "xlabel": "Variable X",
  "ylabel": "Output",
  "data": {
    "x": [
      89,
      20,
      46,
      80,
      46,
      12,
      10,
      9,
      32,
      52,
      83,
      83,
      57,
      53,
      59,
      43,
      71,
      32,
      16,
      75
    ],
    "y": [
      87,
      22,
      38,
      84,
      37,
      18,
      24,
      2,
      37,
      56,
      73,
      76,
      46,
      51,
      71,
      54,
      81,
      35,
      8,
      73
    ],
    "sizes": [
      278,
      98,
      256,
      189,
      191,
      246,
      166,
      137,
      284,
      116,
      105,
      270,
      88,
      209,
      130,
      145,
      177,
      176,
      261,
      258
    ]
  },
  "generated_at": "2025-12-01T15:17:45.388072",
  "png_file": "chart_005.png",
  "metadata": {
    "generated": "random",
    "point_count": 20
  }
}