{
  "filename_root": "chart_009",
  "chart_type": "area",
  "title": "Percentage Breakdown Over Time",
  "xlabel": "Time Period",
  "ylabel": "Percentage (%)",
  "data": {
    "x": [
      1,
      2,
      3,
      4,
      5,
      6,
      7,
      8,
      9,
      10
    ],
    "areas": [
      {
        "y": [
          9,
          24,
          26,
          21,
          26,
          16,
          10,
          21,
          26,
          21
        ],
        "label": "Product E"
      },
      {
        "y": [
          6,
          6,
          11,
          24,
          26,
          26,
          26,
          26,
          12,
          19
        ],
        "label": "Product B"
      },
      {
        "y": [
          6,
          6,
          16,
          17,
          24,
          26,
          26,
          26,
          14,
          16
        ],
        "label": "Product A"
      }
    ],
    "area_type": "stacked_100"
  },
  "generated_at": "2025-12-01T15:17:46.379204",
  "png_file": "chart_009.png",
  "metadata": {
    "generated": "random",
    "area_type": "stacked_100",
    "num_points": 10,
    "step": false
  }
}