{
  "filename_root": "chart_002",
  "chart_type": "bar",
  "title": "Department Performance",
  "xlabel": "Department",
  "ylabel": "Sales ($K)",
  "data": {
    "x": [
      "Sales",
      "Marketing",
      "Engineering",
      "HR",
      "Finance",
      "Operations",
      "Customer Service"
    ],
    "y": [
      51,
      72,
      18,
      54,
      18,
      91,
      28
    ]
  },
  "generated_at": "2025-12-01T15:17:44.697823",
  "png_file": "chart_002.png",
  "metadata": {
    "generated": "random",
    "bar_count": 7,
    "x_type": "departments"
  }
}